id,image_url,user_id,created_dat
1,http://elijah.biz,1,2024-09-01 23:02:41.08016
2,https://shanon.org,1,2024-09-01 23:02:41.08016
3,http://vicky.biz,1,2024-09-01 23:02:41.08016
4,http://oleta.net,1,2024-09-01 23:02:41.08016
5,https://jennings.biz,1,2024-09-01 23:02:41.08016
6,https://quinn.biz,2,2024-09-01 23:02:41.08016
7,https://selina.name,2,2024-09-01 23:02:41.08016
8,http://malvina.org,2,2024-09-01 23:02:41.08016
9,https://branson.biz,2,2024-09-01 23:02:41.08016
10,https://elenor.name,3,2024-09-01 23:02:41.08016
11,https://marcelino.com,3,2024-09-01 23:02:41.08016
12,http://felicity.name,3,2024-09-01 23:02:41.08016
13,https://fred.com,3,2024-09-01 23:02:41.08016
14,https://gerhard.biz,4,2024-09-01 23:02:41.08016
15,https://sherwood.net,4,2024-09-01 23:02:41.08016
16,https://maudie.org,4,2024-09-01 23:02:41.08016
17,http://annamae.name,6,2024-09-01 23:02:41.08016
18,https://mac.org,6,2024-09-01 23:02:41.08016
19,http://miracle.info,6,2024-09-01 23:02:41.08016
20,http://emmet.com,6,2024-09-01 23:02:41.08016
21,https://lisa.com,6,2024-09-01 23:02:41.08016
22,https://brooklyn.name,8,2024-09-01 23:02:41.08016
23,http://madison.net,8,2024-09-01 23:02:41.08016
24,http://annie.name,8,2024-09-01 23:02:41.08016
25,http://darron.info,8,2024-09-01 23:02:41.08016
26,http://saige.com,9,2024-09-01 23:02:41.08016
27,https://reece.net,9,2024-09-01 23:02:41.08016
28,http://vance.org,9,2024-09-01 23:02:41.08016
29,http://ignacio.net,9,2024-09-01 23:02:41.08016
30,http://kenny.com,10,2024-09-01 23:02:41.08016
31,http://remington.name,10,2024-09-01 23:02:41.08016
32,http://kurtis.info,10,2024-09-01 23:02:41.08016
33,https://alisha.com,11,2024-09-01 23:02:41.08016
34,https://henderson.com,11,2024-09-01 23:02:41.08016
35,http://bonnie.info,11,2024-09-01 23:02:41.08016
36,http://kennith.net,11,2024-09-01 23:02:41.08016
37,http://camille.name,11,2024-09-01 23:02:41.08016
38,http://alena.net,12,2024-09-01 23:02:41.08016
39,http://ralph.name,12,2024-09-01 23:02:41.08016
40,https://tyshawn.com,12,2024-09-01 23:02:41.08016
41,https://adella.net,12,2024-09-01 23:02:41.08016
42,https://cielo.info,13,2024-09-01 23:02:41.08016
43,https://easter.net,13,2024-09-01 23:02:41.08016
44,http://golden.org,13,2024-09-01 23:02:41.08016
45,http://kendall.biz,13,2024-09-01 23:02:41.08016
46,https://glenda.info,13,2024-09-01 23:02:41.08016
47,http://dominic.biz,15,2024-09-01 23:02:41.08016
48,http://tressie.info,15,2024-09-01 23:02:41.08016
49,http://estevan.org,15,2024-09-01 23:02:41.08016
50,http://zena.com,15,2024-09-01 23:02:41.08016
51,https://abagail.com,16,2024-09-01 23:02:41.08016
52,https://hershel.com,16,2024-09-01 23:02:41.08016
53,http://collin.com,16,2024-09-01 23:02:41.08016
54,https://clair.com,16,2024-09-01 23:02:41.08016
55,https://deondre.com,17,2024-09-01 23:02:41.08016
56,http://tristin.name,17,2024-09-01 23:02:41.08016
57,http://kirk.org,17,2024-09-01 23:02:41.08016
58,https://modesta.info,18,2024-09-01 23:02:41.08016
59,http://rylan.biz,19,2024-09-01 23:02:41.08016
60,https://noemie.com,19,2024-09-01 23:02:41.08016
61,https://dejon.name,20,2024-09-01 23:02:41.08016
62,https://rigoberto.net,22,2024-09-01 23:02:41.08016
63,http://megane.biz,23,2024-09-01 23:02:41.08016
64,http://emmalee.org,23,2024-09-01 23:02:41.08016
65,http://nathan.net,23,2024-09-01 23:02:41.08016
66,http://lionel.net,23,2024-09-01 23:02:41.08016
67,http://danyka.net,23,2024-09-01 23:02:41.08016
68,https://woodrow.com,23,2024-09-01 23:02:41.08016
69,http://harvey.info,23,2024-09-01 23:02:41.08016
70,http://aiden.org,23,2024-09-01 23:02:41.08016
71,https://tito.name,23,2024-09-01 23:02:41.08016
72,https://julian.net,23,2024-09-01 23:02:41.08016
73,https://mafalda.org,23,2024-09-01 23:02:41.08016
74,http://verner.org,23,2024-09-01 23:02:41.08016
75,https://elmore.org,26,2024-09-01 23:02:41.08016
76,http://kasandra.com,26,2024-09-01 23:02:41.08016
77,https://jarret.info,26,2024-09-01 23:02:41.08016
78,http://einar.net,26,2024-09-01 23:02:41.08016
79,http://terry.info,26,2024-09-01 23:02:41.08016
80,https://holden.com,27,2024-09-01 23:02:41.08016
81,https://jacinto.org,28,2024-09-01 23:02:41.08016
82,https://geoffrey.info,28,2024-09-01 23:02:41.08016
83,http://paxton.com,28,2024-09-01 23:02:41.08016
84,https://trinity.biz,28,2024-09-01 23:02:41.08016
85,http://fabiola.org,29,2024-09-01 23:02:41.08016
86,https://bryce.org,29,2024-09-01 23:02:41.08016
87,http://emery.net,29,2024-09-01 23:02:41.08016
88,https://marian.biz,29,2024-09-01 23:02:41.08016
89,https://kennedi.org,29,2024-09-01 23:02:41.08016
90,https://fanny.net,29,2024-09-01 23:02:41.08016
91,http://lottie.net,29,2024-09-01 23:02:41.08016
92,http://lacy.biz,29,2024-09-01 23:02:41.08016
93,https://jensen.name,30,2024-09-01 23:02:41.08016
94,http://virginia.org,30,2024-09-01 23:02:41.08016
95,https://ariel.net,31,2024-09-01 23:02:41.08016
96,http://roger.info,32,2024-09-01 23:02:41.08016
97,https://carolanne.com,32,2024-09-01 23:02:41.08016
98,https://margarita.info,32,2024-09-01 23:02:41.08016
99,https://kayden.biz,32,2024-09-01 23:02:41.08016
100,https://brook.com,33,2024-09-01 23:02:41.08016
101,https://gust.net,33,2024-09-01 23:02:41.08016
102,http://bridie.name,33,2024-09-01 23:02:41.08016
103,http://barton.name,33,2024-09-01 23:02:41.08016
104,https://karina.biz,33,2024-09-01 23:02:41.08016
105,https://mariam.com,35,2024-09-01 23:02:41.08016
106,https://trycia.com,35,2024-09-01 23:02:41.08016
107,https://everette.biz,37,2024-09-01 23:02:41.08016
108,http://boris.biz,38,2024-09-01 23:02:41.08016
109,http://arthur.name,38,2024-09-01 23:02:41.08016
110,https://cesar.com,39,2024-09-01 23:02:41.08016
111,http://charlie.com,40,2024-09-01 23:02:41.08016
112,https://lina.biz,42,2024-09-01 23:02:41.08016
113,https://darwin.net,42,2024-09-01 23:02:41.08016
114,https://aliyah.biz,42,2024-09-01 23:02:41.08016
115,http://euna.info,43,2024-09-01 23:02:41.08016
116,https://maymie.net,43,2024-09-01 23:02:41.08016
117,http://joanie.name,43,2024-09-01 23:02:41.08016
118,http://whitney.net,43,2024-09-01 23:02:41.08016
119,http://garrison.name,43,2024-09-01 23:02:41.08016
120,https://olga.org,44,2024-09-01 23:02:41.08016
121,https://donavon.org,44,2024-09-01 23:02:41.08016
122,http://moses.biz,44,2024-09-01 23:02:41.08016
123,http://shannon.org,44,2024-09-01 23:02:41.08016
124,http://kendrick.net,46,2024-09-01 23:02:41.08016
125,https://carey.com,46,2024-09-01 23:02:41.08016
126,http://lia.biz,46,2024-09-01 23:02:41.08016
127,https://celestine.name,46,2024-09-01 23:02:41.08016
128,http://laila.info,47,2024-09-01 23:02:41.08016
129,http://buddy.com,47,2024-09-01 23:02:41.08016
130,http://americo.biz,47,2024-09-01 23:02:41.08016
131,http://lurline.info,47,2024-09-01 23:02:41.08016
132,http://kailee.org,47,2024-09-01 23:02:41.08016
133,https://edyth.com,48,2024-09-01 23:02:41.08016
134,https://isaias.biz,50,2024-09-01 23:02:41.08016
135,http://rosetta.net,50,2024-09-01 23:02:41.08016
136,https://marianna.info,50,2024-09-01 23:02:41.08016
137,https://roel.org,51,2024-09-01 23:02:41.08016
138,http://julia.info,51,2024-09-01 23:02:41.08016
139,https://seamus.org,51,2024-09-01 23:02:41.08016
140,https://earline.info,51,2024-09-01 23:02:41.08016
141,http://quinten.info,51,2024-09-01 23:02:41.08016
142,https://dolores.org,52,2024-09-01 23:02:41.08016
143,https://aimee.info,52,2024-09-01 23:02:41.08016
144,https://roderick.name,52,2024-09-01 23:02:41.08016
145,https://jarret.name,52,2024-09-01 23:02:41.08016
146,https://cathrine.com,52,2024-09-01 23:02:41.08016
147,https://adela.com,55,2024-09-01 23:02:41.08016
148,https://demarco.com,56,2024-09-01 23:02:41.08016
149,https://lila.biz,58,2024-09-01 23:02:41.08016
150,http://ruben.net,58,2024-09-01 23:02:41.08016
151,https://alia.name,58,2024-09-01 23:02:41.08016
152,http://rickey.name,58,2024-09-01 23:02:41.08016
153,http://janie.com,58,2024-09-01 23:02:41.08016
154,http://myron.org,58,2024-09-01 23:02:41.08016
155,http://pearl.info,58,2024-09-01 23:02:41.08016
156,http://victoria.biz,58,2024-09-01 23:02:41.08016
157,https://carmella.com,59,2024-09-01 23:02:41.08016
158,http://leo.com,59,2024-09-01 23:02:41.08016
159,http://jedediah.net,59,2024-09-01 23:02:41.08016
160,http://sedrick.net,59,2024-09-01 23:02:41.08016
161,https://clare.org,59,2024-09-01 23:02:41.08016
162,https://malcolm.name,59,2024-09-01 23:02:41.08016
163,https://lesly.com,59,2024-09-01 23:02:41.08016
164,https://roberta.net,59,2024-09-01 23:02:41.08016
165,https://estell.info,59,2024-09-01 23:02:41.08016
166,http://kaleigh.biz,59,2024-09-01 23:02:41.08016
167,http://blanca.org,60,2024-09-01 23:02:41.08016
168,http://delpha.com,60,2024-09-01 23:02:41.08016
169,http://annabelle.org,61,2024-09-01 23:02:41.08016
170,http://ephraim.com,62,2024-09-01 23:02:41.08016
171,https://dameon.name,62,2024-09-01 23:02:41.08016
172,https://julianne.org,63,2024-09-01 23:02:41.08016
173,https://jasmin.biz,63,2024-09-01 23:02:41.08016
174,https://delbert.net,63,2024-09-01 23:02:41.08016
175,https://norval.com,63,2024-09-01 23:02:41.08016
176,https://jessy.name,64,2024-09-01 23:02:41.08016
177,https://nolan.name,64,2024-09-01 23:02:41.08016
178,http://devon.info,64,2024-09-01 23:02:41.08016
179,http://ora.net,64,2024-09-01 23:02:41.08016
180,https://vivien.com,64,2024-09-01 23:02:41.08016
181,https://hilda.info,65,2024-09-01 23:02:41.08016
182,https://dorcas.biz,65,2024-09-01 23:02:41.08016
183,http://hettie.net,65,2024-09-01 23:02:41.08016
184,http://rico.biz,65,2024-09-01 23:02:41.08016
185,http://jody.biz,65,2024-09-01 23:02:41.08016
186,http://sheila.com,67,2024-09-01 23:02:41.08016
187,http://germaine.name,67,2024-09-01 23:02:41.08016
188,https://mariane.org,67,2024-09-01 23:02:41.08016
189,http://reva.com,69,2024-09-01 23:02:41.08016
190,https://llewellyn.info,70,2024-09-01 23:02:41.08016
191,http://ellen.info,72,2024-09-01 23:02:41.08016
192,https://anahi.info,72,2024-09-01 23:02:41.08016
193,https://javonte.org,72,2024-09-01 23:02:41.08016
194,http://florine.org,72,2024-09-01 23:02:41.08016
195,http://marcellus.info,72,2024-09-01 23:02:41.08016
196,http://stan.biz,73,2024-09-01 23:02:41.08016
197,http://jarred.net,77,2024-09-01 23:02:41.08016
198,http://jovanny.net,77,2024-09-01 23:02:41.08016
199,http://linnie.com,77,2024-09-01 23:02:41.08016
200,http://dino.name,77,2024-09-01 23:02:41.08016
201,https://jane.net,77,2024-09-01 23:02:41.08016
202,http://laney.name,77,2024-09-01 23:02:41.08016
203,http://trever.org,78,2024-09-01 23:02:41.08016
204,http://emilie.net,78,2024-09-01 23:02:41.08016
205,http://ted.info,78,2024-09-01 23:02:41.08016
206,http://keshawn.org,78,2024-09-01 23:02:41.08016
207,http://ole.info,78,2024-09-01 23:02:41.08016
208,https://ford.biz,79,2024-09-01 23:02:41.08016
209,https://humberto.org,82,2024-09-01 23:02:41.08016
210,http://penelope.info,82,2024-09-01 23:02:41.08016
211,https://dimitri.info,84,2024-09-01 23:02:41.08016
212,http://cynthia.info,84,2024-09-01 23:02:41.08016
213,http://princess.org,85,2024-09-01 23:02:41.08016
214,https://ruthie.info,85,2024-09-01 23:02:41.08016
215,https://evan.name,86,2024-09-01 23:02:41.08016
216,http://deontae.org,86,2024-09-01 23:02:41.08016
217,https://timmy.info,86,2024-09-01 23:02:41.08016
218,http://susie.info,86,2024-09-01 23:02:41.08016
219,http://hollis.com,86,2024-09-01 23:02:41.08016
220,https://colt.org,86,2024-09-01 23:02:41.08016
221,http://lucio.org,86,2024-09-01 23:02:41.08016
222,http://germaine.org,86,2024-09-01 23:02:41.08016
223,http://howard.net,86,2024-09-01 23:02:41.08016
224,http://helena.name,87,2024-09-01 23:02:41.08016
225,https://celestino.name,87,2024-09-01 23:02:41.08016
226,http://violet.info,87,2024-09-01 23:02:41.08016
227,http://nigel.biz,87,2024-09-01 23:02:41.08016
228,https://noble.net,88,2024-09-01 23:02:41.08016
229,https://emilia.org,88,2024-09-01 23:02:41.08016
230,http://destini.net,88,2024-09-01 23:02:41.08016
231,https://mariano.net,88,2024-09-01 23:02:41.08016
232,https://brittany.org,88,2024-09-01 23:02:41.08016
233,https://madaline.name,88,2024-09-01 23:02:41.08016
234,https://devonte.name,88,2024-09-01 23:02:41.08016
235,https://blanche.net,88,2024-09-01 23:02:41.08016
236,http://cali.net,88,2024-09-01 23:02:41.08016
237,http://mekhi.name,88,2024-09-01 23:02:41.08016
238,http://adela.com,88,2024-09-01 23:02:41.08016
239,https://devan.com,92,2024-09-01 23:02:41.08016
240,https://jarrett.name,92,2024-09-01 23:02:41.08016
241,https://sid.biz,92,2024-09-01 23:02:41.08016
242,https://jadyn.name,93,2024-09-01 23:02:41.08016
243,https://erik.com,93,2024-09-01 23:02:41.08016
244,http://freeda.biz,94,2024-09-01 23:02:41.08016
245,http://ayden.name,95,2024-09-01 23:02:41.08016
246,https://kathleen.biz,95,2024-09-01 23:02:41.08016
247,https://helmer.org,96,2024-09-01 23:02:41.08016
248,https://maggie.info,96,2024-09-01 23:02:41.08016
249,https://cecilia.net,96,2024-09-01 23:02:41.08016
250,http://ayla.org,97,2024-09-01 23:02:41.08016
251,https://elyssa.biz,97,2024-09-01 23:02:41.08016
252,http://jennie.com,98,2024-09-01 23:02:41.08016
253,http://ryleigh.info,99,2024-09-01 23:02:41.08016
254,https://darien.name,99,2024-09-01 23:02:41.08016
255,https://xzavier.org,99,2024-09-01 23:02:41.08016
256,https://kaela.name,100,2024-09-01 23:02:41.08016
257,http://dedrick.info,100,2024-09-01 23:02:41.08016
